60, 0, 0, 1309959, 33454, 17443, 31122, 12171, 4747, 63, 768, 624, 26, 4, 151660
47, 0, 0, 1451807, 42376, 10113, 54287, 14486, 3907, 47, 2220, 1137, 0, 84, 643896
51, 0, 0, 205463, 12428, 14350, 6752, 12806, 2750, 44, 765, 1651, 0, 43, 53280
51, 0, 7, 96341, 8488, 22600, 4751, 42978, 2035, 44, 1888, 2160, 51, 45, 40250
51, 0, 0, 319056, 144730, 75040, 73846, 174397, 4822, 44, 4275, 2679, 25, -627, 158252
51, 0, 0, 905056, 26318, 51574, 11636, 121623, 49021, 44, 27121, 3191, 51, -322, 70266
51, 0, 0, 1262284, 155552, 122922, 325697, 123539, 63063, 44, 35825, 3705, 51, -1210, 723522
60, 0, 0, 429577, 17263, 15212, 17884, 10272, 4352, 44, 1364, 4218, 0, -811, 109626
60, 0, 8, 777037, 24535, 9808, 12528, 18215, 1812, 44, 1735, 4732, 51, -2048, 38618
60, 0, 0, 608018, 25361, 24489, 16377, 6202, 6324, 44, 664, 5235, 51, -1021, 68441
60, 0, 9, 701140, 5493, 17283, 24553, 11379, 9950, 44, 4130, 5760, 51, 90, 23915
60, 0, 0, 1865539, 10777, 25594, 6122, 38719, 12714, 44, 9100, 6274, 51, 50, 63505
60, 0, 0, 538300, 66805, 136997, 78570, 104127, 42797, 44, 47485, 6787, 51, 161, 253328
60, 0, 0, 1518989, 25259, 27667, 13710, 35702, 9148, 44, 1698, 7303, 26, 160, 19248
60, 0, 115, 740274, 25107, 44317, 50336, 37470, 12891, 44, 2637, 7804, 51, 614, 306235
60, 0, 26, 2199015, 147391, 452743, 176696, 48218, 13585, 44, 39434, 8328, 51, -1659, 557991
60, 0, 0, 886423, 34073, 90277, 35373, 59312, 13819, 44, 7971, 8842, 51, 1603, 245117
60, 0, 0, 747186, 102820, 109489, 49440, 232752, 44861, 44, 19197, 9355, 51, -164, 390193
60, 0, 0, 714165, 7169, 15236, 3214, 54549, 2007, 44, 1527, 9871, 51, -872, 11221
60, 0, 0, 265422, 64301, 28232, 7257, 57421, 16387, 44, 4147, 10382, 26, -100, 68635
57, 0, 0, 1338638, 11314, 10126, 20038, 8151, 1497, 47, 893, 10898, 0, 57, 76780
66, 0, 0, 1285163, 173023, 96572, 197521, 334271, 38617, 50, 14458, 11413, 0, -1134, 1611091
66, 0, 0, 1630026, 118320, 188657, 64461, 232818, 23648, 50, 13797, 11924, 51, -4, 588808
63, 0, 0, 497422, 16982, 25633, 61846, 35634, 3432, 54, 1456, 12439, 0, -219, 114348
51, 0, 0, 2365701, 72955, 20394, 82955, 63867, 9823, 53, 2181, 12953, 0, 24, 730453
44, 0, 0, 758719, 118766, 14982, 99105, 6211, 3881, 64, 2507, 13464, 0, -534, 175213
60, 0, 10, 1308107, 143744, 133736, 117981, 138024, 21670, 77, 13155, 13979, 0, 1216, 177433
60, 0, 8, 1618077, 126090, 12884, 250123, 71695, 8277, 77, 6262, 14491, 26, 244, 394408
60, 0, 0, 1757026, 125696, 70715, 46206, 95576, 14787, 74, 2296, 15005, 0, 179, 323722
75, 0, 0, 1361682, 49684, 41657, 82685, 49224, 12152, 87, 1850, 15520, 0, -1217, 120599
75, 0, 0, 169343, 3845, 8388, 3801, 6905, 3186, 87, 416, 16033, 51, 48, 15773
75, 0, 0, 1153101, 99667, 132186, 434329, 130325, 69827, 87, 77454, 16550, 25, 627, 1385156
75, 0, 0, 1284650, 6515, 12877, 4622, 12839, 4295, 87, 4822, 17051, 26, -1742, 66022
75, 0, 21, 1932597, 7709, 7391, 7503, 10389, 1188, 87, 696, 17576, 26, -39, 50404
70, 0, 0, 729158, 16315, 4968, 14235, 27855, 3835, 67, 630, 18089, 0, -680, 139762
70, 0, 7, 194874, 5685, 11577, 11319, 3362, 4033, 66, 1143, 18605, 0, 264, 20956
61, 0, 0, 2122787, 32266, 13700, 29574, 17777, 9146, 57, 2479, 19117, 0, 68, 377851
57, 0, 0, 91547, 7095, 7872, 8386, 10157, 2259, 48, 2984, 19617, 0, 27, 53486
57, 0, 0, 127648, 9040, 1325, 2018, 10908, 767, 51, 573, 20145, 0, 121, 30541
50, 0, 0, 122169, 3813, 1643, 1197, 3538, 180, 44, 188, 20656, 0, 35, 11420
53, 0, 0, 69505, 15513, 3522, 37048, 16623, 3522, 63, 1869, 21171, 0, 146, 26188
44, 0, 0, 45990, 7508, 3028, 11475, 1746, 1778, 64, 432, 21686, 0, 60, 62149
50, 0, 0, 721000, 119122, 31009, 98770, 96502, 19051, 74, 8973, 22199, 0, 1223, 266320
48, 0, 0, 343937, 14750, 6304, 32399, 15916, 792, 81, 735, 22706, 0, 88, 41715
48, 0, 0, 1772638, 11820, 31767, 24194, 47948, 7752, 81, 4207, 23227, 25, 48, 50447
48, 0, 0, 690988, 3136, 1243, 3753, 1645, 758, 81, 416, 23740, 25, 459, 31265
48, 0, 0, 1368077, 113844, 30926, 37740, 98730, 24008, 81, 14120, 24252, 25, 10, 259086
56, 0, 16, 2000679, 30744, 14468, 50738, 39562, 2167, 80, 1788, 24766, 0, 161, 33403
56, 0, 0, 496184, 1564, 1753, 3419, 1788, 338, 80, 205, 25282, 26, 39, 11329
56, 0, 0, 2268795, 61790, 52359, 60496, 90180, 8330, 80, 2148, 25793, 25, -88, 288927
61, 0, 0, 2283031, 11167, 9645, 21324, 33439, 7422, 77, 1854, 26309, 0, 98, 122934
70, 0, 0, 507341, 32022, 89359, 68573, 86076, 29445, 69, 10939, 26825, 0, 90, 206281
74, 0, 0, 162150, 2265, 2271, 3788, 729, 1133, 63, 561, 27337, 0, -52, 14110
75, 0, 15, 953777, 7223, 5291, 10862, 4394, 958, 57, 346, 27850, 0, 228, 21399
81, 0, 8, 55563, 16490, 15379, 10865, 24800, 810, 61, 680, 28363, 0, -332, 56306
81, 0, 0, 549835, 10905, 5712, 32525, 13481, 2424, 61, 1831, 28867, 51, -519, 154171
81, 0, 0, 825375, 76593, 191303, 292542, 268679, 35790, 61, 29649, 29392, 51, 75, 260655
81, 0, 0, 1097404, 16266, 29170, 33050, 24071, 4633, 64, 2511, 29907, 0, 1084, 80294
81, 0, 0, 696893, 1270, 8910, 11517, 11549, 1207, 64, 425, 30419, 51, -115, 36680
81, 0, 0, 404502, 161908, 15631, 169932, 35802, 10084, 64, 8156, 30931, 51, 326, 181638
81, 0, 12, 599267, 3352, 2905, 4704, 1487, 672, 64, 92, 31437, 26, 72, 7447
74, 0, 0, 1447772, 128255, 32302, 203677, 216136, 32151, 67, 8259, 31960, 0, -586, 521019
77, 0, 0, 1496780, 55229, 81167, 148546, 117000, 9809, 67, 5423, 32477, 0, 165, 156227
77, 0, 0, 493329, 15070, 21592, 7771, 15619, 2189, 67, 583, 32988, 51, -202, 39963
77, 0, 0, 720818, 97275, 33450, 16615, 59151, 12231, 67, 3279, 33500, 51, -840, 93809
77, 0, 0, 860060, 13159, 17654, 12366, 19252, 2743, 67, 738, 34013, 51, 119, 37707
67, 0, 0, 95332, 11278, 5543, 42795, 23235, 4304, 78, 2041, 34528, 0, -68, 35455
64, 0, 0, 1024504, 30141, 17737, 12172, 20022, 16383, 77, 1625, 35041, 0, -647, 90866
64, 0, 0, 176777, 18459, 22240, 13459, 7607, 3007, 77, 1290, 35556, 51, 592, 53267
64, 0, 0, 1090438, 14139, 55973, 43778, 58231, 8272, 77, 4583, 36068, 51, 69, 122310
64, 0, 0, 1015608, 3443, 2539, 9781, 6337, 3510, 77, 3601, 36583, 26, 1298, 24840
64, 0, 0, 760012, 20959, 24522, 4210, 19090, 5003, 77, 1327, 37097, 51, -929, 39050
64, 0, 0, 360600, 46139, 37121, 63746, 151775, 7680, 77, 3941, 37609, 51, 55, 103934
64, 0, 0, 594243, 5313, 1545, 5959, 2984, 513, 77, 300, 38126, 51, 91, 23793
67, 0, 0, 49520, 2056, 1780, 5360, 2289, 786, 74, 345, 38637, 0, -35, 18075
57, 0, 0, 1023487, 80188, 9939, 25137, 23862, 2380, 77, 1567, 39150, 0, 11, 87221
67, 0, 0, 669038, 18080, 19211, 22616, 49756, 2188, 66, 1738, 39665, 0, 466, 47759
63, 0, 0, 1092427, 6017, 5161, 4510, 2387, 2098, 56, 1018, 40181, 0, -52, 76174
64, 0, 0, 456403, 24839, 8639, 13316, 8997, 5220, 61, 4307, 40687, 0, -515, 55847
64, 0, 16, 1419085, 34156, 7297, 16098, 21430, 4017, 61, 2229, 41206, 51, -20, 102680
61, 0, 0, 152547, 7462, 4311, 15532, 3721, 5417, 47, 2876, 41722, 0, 19, 100521
48, 0, 0, 824946, 120139, 13120, 39573, 12891, 5768, 54, 3578, 42234, 0, -46, 197899
50, 0, 0, 338867, 10759, 5698, 12492, 2465, 3155, 64, 1914, 42748, 0, 55, 49444
47, 0, 0, 122853, 9645, 3607, 12060, 7686, 2594, 61, 2363, 43255, 0, 107, 42838
53, 0, 0, 448368, 2062, 6091, 1309, 1909, 3285, 48, 1448, 43774, 0, -332, 54522
51, 0, 0, 685303, 9396, 3974, 25148, 5027, 1394, 41, 540, 44287, 0, 28, 96341
43, 0, 0, 1253055, 40293, 7234, 44883, 5904, 2534, 43, 2299, 44801, 0, -29, 179779
40, 0, 0, 826249, 30139, 6672, 47020, 67506, 5785, 44, 2617, 45312, 0, -26, 92606
41, 0, 0, 506352, 5200, 9310, 11259, 11823, 2315, 57, 394, 45829, 0, 198, 73191
41, 0, 9, 2436023, 9957, 2901, 13138, 3342, 5952, 57, 2651, 46342, 25, 55, 236687
50, 0, 0, 225606, 25259, 5446, 9892, 9187, 1413, 69, 892, 46856, 0, -949, 17683
54, 0, 0, 159754, 10952, 2150, 10205, 6415, 1188, 75, 241, 47372, 0, 57, 18898
60, 0, 36, 21594, 11375, 5210, 13963, 2913, 2079, 74, 702, 47884, 0, 59, 51947
57, 0, 0, 79212, 9107, 6566, 12181, 6154, 3045, 81, 699, 48397, 0, 97, 38334
57, 0, 0, 88284, 5579, 7899, 14461, 13390, 2154, 64, 1570, 48910, 0, 194, 74727
66, 0, 0, 409821, 13291, 12266, 15753, 6850, 3262, 63, 566, 49424, 0, 136, 28874
64, 0, 0, 137457, 8412, 8192, 66443, 8786, 5902, 70, 836, 49938, 0, 74, 58354
64, 0, 0, 1238976, 415386, 320695, 513055, 132413, 291984, 70, 177495, 50449, 26, 280, 463672
64, 0, 0, 1015509, 8400, 3717, 6172, 3607, 1859, 70, 1274, 50965, 25, -114, 48547
63, 0, 0, 787668, 10286, 10683, 8123, 14378, 1589, 60, 820, 51479, 0, 81, 110320
61, 0, 0, 197570, 30003, 10720, 45487, 23991, 3090, 69, 1949, 51992, 0, -73, 101955
53, 0, 0, 78227, 12180, 2525, 8760, 5340, 808, 70, 495, 52506, 0, -315, 19901
51, 0, 0, 905212, 130820, 25263, 45220, 103706, 31141, 61, 2931, 53017, 0, 67, 343102
56, 0, 0, 685533, 20070, 29467, 76506, 27191, 7344, 77, 664, 53531, 0, -827, 84296
56, 0, 13, 671360, 58904, 25087, 9236, 12965, 4594, 77, 359, 54048, 26, 84, 114705
53, 0, 0, 121038, 14323, 3378, 7518, 9231, 2065, 70, 1759, 54555, 0, 641, 49526
61, 0, 0, 704933, 29518, 25783, 33243, 4188, 3458, 69, 1142, 55075, 0, 35, 72915
61, 0, 13, 1193240, 29638, 5809, 17369, 7824, 6918, 69, 1851, 55587, 25, -27, 28250
70, 0, 0, 218409, 2323, 4787, 4957, 3775, 2499, 64, 467, 56100, 0, 0, 23156
74, 0, 0, 108537, 44069, 29118, 3342, 20337, 22194, 60, 11445, 56614, 0, -74, 80801
83, 0, 0, 52620, 15875, 11143, 8781, 12321, 4386, 60, 3369, 57126, 0, -43, 46253
80, 0, 0, 476530, 21224, 17814, 10413, 30442, 6904, 50, 2334, 57642, 0, 4, 97505
77, 0, 0, 531537, 13309, 19274, 57282, 28151, 7003, 54, 1830, 58155, 0, 109, 133122
67, 0, 0, 327674, 2079, 2228, 3466, 2979, 1524, 51, 533, 58668, 0, 33, 17348
67, 0, 0, 101390, 3479, 7005, 11871, 1465, 2378, 53, 1549, 59184, 0, 48, 23518
63, 0, 0, 479950, 39201, 7535, 11112, 20928, 5921, 63, 4558, 59699, 0, 2, 60595
60, 0, 8, 23960, 6290, 4055, 15228, 3982, 4271, 64, 3650, 60210, 0, 49, 36551
67, 0, 0, 235056, 14529, 25670, 8832, 32590, 6343, 63, 3057, 60725, 0, 1, 67050
67, 0, 0, 24789, 7524, 10987, 5398, 10449, 4342, 53, 1226, 61236, 0, 880, 46201
67, 0, 0, 1218461, 22053, 10344, 24138, 19289, 1117, 48, 1261, 61752, 0, 155, 107395
67, 0, 0, 3651938, 109121, 17349, 19018, 75913, 9004, 48, 3614, 62263, 0, -4, 143103
54, 0, 11, 1018550, 15882, 6222, 39339, 14983, 2980, 57, 1454, 62778, 0, 120, 91910
56, 0, 0, 1192261, 291367, 381833, 495953, 198272, 80575, 70, 7439, 63292, 0, 70, 797585
54, 0, 0, 641880, 36856, 25397, 178169, 27422, 7888, 80, 2415, 63806, 0, -331, 234240
54, 0, 0, 1597084, 98693, 101858, 221014, 310642, 10905, 80, 1984, 64319, 26, -27, 786631
50, 0, 0, 788040, 8868, 8058, 25824, 15804, 1940, 66, 819, 64833, 0, 28, 238206
48, 0, 0, 29099, 30303, 3598, 25055, 11947, 1613, 70, 1377, 65348, 0, 80, 47678
34, 0, 0, 113995, 3154, 1738, 7278, 4185, 374, 61, 521, 65857, 0, 64, 42062
37, 0, 0, 11048, 14517, 4763, 29956, 7246, 6601, 70, 816, 66372, 0, 65, 8471
53, 0, 0, 53275, 10868, 9260, 1824, 7351, 4444, 78, 1645, 66889, 0, 70, 34873
61, 0, 0, 36793, 18161, 7719, 6023, 4875, 2023, 69, 1429, 67403, 0, 321, 46680
70, 0, 8, 345349, 31211, 45114, 68090, 40538, 3737, 74, 895, 67915, 0, -436, 255104
69, 0, 0, 2437486, 104006, 60258, 119023, 61118, 16137, 53, 10162, 68429, 0, 443, 571360
61, 0, 6, 1473124, 19383, 10666, 9179, 17461, 3974, 50, 2514, 68930, 0, 353, 142381
60, 0, 0, 612777, 6594, 9878, 13670, 12602, 1681, 43, 791, 69455, 0, 395, 74254
53, 0, 0, 1173830, 9455, 3748, 3255, 6854, 1954, 38, 463, 69970, 0, 148, 55485
56, 0, 0, 629040, 48472, 21029, 53440, 12859, 6832, 51, 2061, 70483, 0, -39, 45847
54, 0, 0, 682723, 16385, 23940, 118864, 56477, 8104, 60, 6433, 70999, 0, 155, 319001
41, 0, 28, 142441, 19574, 2740, 35394, 4575, 4245, 67, 912, 71509, 0, 29, 113312
43, 0, 0, 16641, 10827, 3654, 14151, 7491, 1498, 81, 990, 72023, 0, 36, 26480
40, 0, 0, 111650, 5780, 1819, 4322, 1714, 1460, 74, 464, 72538, 0, 83, 14063
40, 0, 0, 1253626, 10825, 18155, 3427, 31598, 3082, 74, 917, 73051, 26, -13, 45341
43, 0, 0, 256752, 61243, 14448, 71086, 37504, 9809, 84, 6446, 73566, 0, -497, 77400
61, 0, 0, 1047356, 7021, 15846, 31456, 8147, 4838, 84, 1930, 74078, 0, -370, 58039
63, 0, 0, 524373, 93818, 38106, 216950, 67545, 8852, 93, 4204, 74585, 0, 290, 113781
63, 0, 0, 192379, 7026, 3277, 4429, 11729, 1777, 84, 144, 75104, 0, 0, 31263
48, 0, 0, 154666, 2127, 1197, 6699, 3221, 812, 57, 378, 75621, 0, 0, 99676
24, 0, 0, 522711, 3010, 1875, 7715, 9310, 1345, 35, 828, 76134, 0, 169, 193627
23, 0, 0, 189020, 4356, 6268, 6771, 10372, 2183, 11, 721, 76646, 0, 35, 65230
26, 0, 0, 888533, 22287, 26707, 64993, 46086, 9023, 14, 9555, 77161, 0, 5, 172453
53, 0, 0, 826179, 55533, 64597, 54197, 55535, 4472, 35, 2347, 77668, 0, 156, 74055
69, 0, 0, 576518, 14533, 17584, 40013, 26895, 7848, 50, 4302, 78178, 0, 68, 186767
61, 0, 0, 219145, 93496, 6001, 5314, 7007, 5038, 69, 888, 78704, 0, 38, 93848
60, 0, 0, 28032, 10564, 2955, 17548, 5434, 2418, 84, 1386, 79172, 0, 74, 12037
40, 0, 0, 110675, 26288, 2657, 11426, 15346, 1293, 83, 836, 79640, 0, -34, 58985
40, 0, 0, 125052, 3960, 4774, 10082, 8892, 5297, 83, 938, 80189, 0, 34, 46983
47, 0, 0, 8635, 2754, 1964, 4512, 7044, 3269, 69, 1943, 80676, 0, 37, 19548
57, 0, 0, 29526, 6785, 8385, 11970, 4503, 2401, 66, 1053, 81248, 0, 70, 8136
67, 0, 0, 11323, 9099, 2025, 2342, 6854, 1825, 67, 4688, 81770, 0, 32, 10559
69, 0, 23, 16592, 1693, 3714, 8796, 6799, 2999, 69, 852, 82262, 0, 44, 23904
77, 0, 0, 10741, 5555, 6101, 9029, 4141, 2848, 77, 973, 82777, 0, 37, 19360
78, 0, 145, 14575, 6926, 7956, 3530, 4513, 4399, 69, 2472, 83283, 0, 44, 9697
78, 0, 0, 701380, 9974, 2630, 8901, 11312, 788, 75, 822, 83785, 0, -2, 6958
70, 0, 0, 700237, 26829, 13095, 61259, 88309, 9704, 75, 2240, 84286, 0, 426, 214087
70, 0, 0, 1568347, 73956, 69909, 46487, 37185, 8420, 67, 3165, 84817, 0, -82, 292582
50, 0, 0, 1394329, 53537, 6035, 38190, 14477, 3581, 69, 3096, 85325, 0, 19, 152434
53, 0, 0, 114773, 13509, 14908, 49246, 27675, 4254, 69, 1520, 85836, 0, -122, 19862
64, 0, 0, 2017396, 3876, 27202, 45333, 18423, 9836, 70, 1687, 86343, 0, 102, 127734
50, 0, 0, 1483196, 16416, 4051, 29758, 7535, 1596, 77, 901, 86898, 0, 257, 92470
51, 0, 0, 719884, 182583, 42786, 615788, 78062, 31071, 81, 5937, 87359, 0, 410, 716576
51, 0, 0, 1185716, 45644, 27852, 26791, 14422, 6795, 75, 1024, 87904, 0, 56, 107520
43, 0, 0, 650891, 5802, 2313, 11531, 7203, 1501, 81, 475, 88443, 0, 139, 21182
44, 0, 0, 1738485, 37194, 47510, 78180, 74615, 3490, 63, 3952, 88931, 0, -51, 1230103
44, 0, 0, 655701, 4834, 3858, 6660, 3808, 1146, 63, 474, 89488, 26, 1193, 28210
56, 0, 0, 1126750, 17549, 93400, 80153, 214147, 4205, 40, 2568, 90002, 0, -1749, 569850
60, 0, 0, 665898, 198037, 380468, 197466, 442669, 59292, 30, 32762, 90518, 0, 114, 1164421
61, 0, 5, 1928987, 67046, 21003, 19486, 17007, 6293, 27, 1061, 91027, 0, 70, 168070
83, 0, 0, 60001, 34455, 56561, 23545, 36826, 3810, 43, 2066, 91545, 0, 137, 50521
90, 0, 0, 77830, 16459, 17322, 29970, 28884, 1244, 64, 4710, 92059, 0, 42, 8365
80, 0, 0, 48084, 7676, 4745, 7443, 3757, 2645, 66, 1331, 92565, 0, 716, 53501
75, 0, 8, 1448196, 46482, 9362, 53405, 7421, 2247, 70, 1914, 93086, 0, 1, 140153
51, 0, 0, 64842, 12488, 3187, 32398, 8233, 1770, 74, 1844, 93598, 0, 17, 74649
35, 0, 0, 23907, 2481, 2807, 5290, 10832, 3376, 53, 1115, 94114, 0, 33, 56771
34, 0, 11, 42524, 3188, 2950, 11885, 2685, 1761, 56, 1962, 94626, 0, 77, 42622
27, 0, 0, 191934, 22857, 3051, 15853, 13305, 6308, 50, 1635, 95131, 0, 67, 91793
37, 0, 0, 145220, 13401, 6670, 22523, 17539, 3445, 50, 856, 95656, 0, 73, 46365
41, 0, 0, 53989, 9191, 4899, 33455, 9362, 2092, 77, 2348, 96168, 0, 92, 17288
48, 0, 0, 47923, 7129, 3236, 4367, 6997, 3231, 78, 724, 96679, 0, 22, 17027
66, 0, 0, 930243, 37888, 17137, 4743, 16686, 9140, 83, 3054, 97191, 0, 204, 44910
66, 0, 0, 426614, 3822, 1539, 6262, 3247, 1148, 83, 618, 97709, 51, 115, 45484
66, 0, 0, 1350790, 6910, 16617, 10471, 8349, 6131, 83, 3613, 98218, 26, -1338, 43342
67, 0, 0, 1311629, 64242, 43983, 71630, 105439, 20558, 80, 14361, 98736, 0, -1031, 274533
78, 0, 0, 2205169, 220180, 534299, 381187, 221184, 78880, 63, 36834, 99250, 0, -9, 1316433
78, 0, 0, 215472, 8782, 3861, 13163, 6373, 650, 63, 441, 99766, 26, 890, 20532
78, 0, 0, 1500767, 11863, 16603, 119479, 25621, 7931, 63, 4043, 100279, 26, 300, 190633
78, 0, 0, 917874, 20427, 19258, 58052, 16353, 3638, 67, 656, 100794, 0, 112, 94963
75, 0, 0, 1663204, 5779, 9578, 19834, 4459, 4049, 66, 1392, 101303, 0, 141, 40370
80, 0, 0, 1186034, 61156, 33521, 34088, 11306, 4164, 70, 1322, 101818, 0, 4, 101057
69, 0, 0, 559932, 10498, 15255, 3757, 21052, 5700, 56, 6018, 102333, 0, -119, 172466
69, 0, 0, 2492151, 16329, 40130, 57200, 56343, 14517, 56, 1937, 102846, 51, 146, 253472
75, 0, 0, 216260, 13827, 9685, 8960, 10631, 2429, 56, 1168, 103358, 0, -1028, 21860
81, 0, 0, 561104, 9908, 20945, 20920, 38861, 4407, 53, 1220, 103872, 0, 1466, 33601
81, 0, 0, 809789, 36430, 32069, 20655, 11376, 11618, 53, 2473, 104382, 26, -243, 78383
74, 0, 0, 2228733, 290263, 54804, 116218, 147985, 3328, 53, 2078, 104900, 0, 418, 402542
74, 0, 0, 3733642, 8477, 17764, 17015, 30633, 2308, 53, 2093, 105413, 26, 488, 103996
74, 0, 0, 1199592, 3351, 7309, 2779, 19948, 7149, 53, 1145, 105930, 51, 48, 38462
74, 0, 0, 491717, 123419, 10342, 191686, 50048, 4883, 53, 3846, 106440, 51, 266, 306774
66, 0, 0, 96135, 8237, 1042, 7840, 3008, 1134, 80, 277, 106949, 0, -222, 15153
64, 0, 0, 617788, 3442, 17423, 7245, 4305, 5695, 61, 1648, 107466, 0, 36, 81770
63, 0, 0, 1535669, 60731, 41699, 43646, 64663, 17260, 66, 12890, 107982, 0, 75, 84474
66, 0, 0, 1401017, 140560, 69874, 151158, 101583, 10319, 63, 5250, 108495, 0, 341, 470610
66, 0, 0, 244905, 5372, 12317, 2962, 12157, 3948, 63, 2069, 109007, 51, 22, 2467
77, 0, 0, 273028, 34912, 26677, 39071, 97281, 16175, 51, 7514, 109521, 0, 737, 154136
80, 0, 0, 1011353, 465256, 424219, 253632, 420918, 46928, 66, 21313, 110038, 0, 40, 641307
69, 0, 0, 379051, 35840, 24225, 23375, 56152, 10190, 54, 2146, 110553, 0, 77, 301893
80, 0, 0, 1405672, 97662, 72146, 39182, 51124, 10375, 60, 2454, 111067, 0, 700, 54630
80, 0, 0, 1064302, 3382, 4512, 11530, 8726, 1594, 60, 645, 111578, 26, -1197, 13167
81, 0, 0, 1559879, 248545, 67109, 11744, 192787, 8732, 67, 2201, 112086, 0, -247, 192496
67, 0, 0, 470205, 9589, 2912, 4656, 2937, 651, 63, 172, 112605, 0, -129, 43268
63, 0, 0, 1208130, 348265, 29429, 49340, 111664, 2927, 78, 1791, 113119, 0, 137, 473048
43, 0, 0, 186967, 3161, 957, 3953, 1667, 212, 64, 69, 113631, 0, -184, 25135
41, 0, 0, 129549, 23068, 13534, 56216, 4271, 5693, 77, 2619, 114147, 0, 34, 30769
44, 0, 0, 1599876, 51191, 18273, 41396, 120918, 12936, 78, 344, 114658, 0, 996, 115072
60, 0, 0, 755939, 10302, 31574, 16055, 21457, 1588, 63, 1316, 115172, 0, -27, 111269
66, 0, 0, 867232, 16087, 9189, 56550, 21208, 6753, 74, 1957, 115685, 0, 37, 80346
61, 0, 0, 406473, 11081, 12560, 24837, 10863, 7212, 51, 2716, 116198, 0, 60, 145432
61, 0, 0, 61780, 3265, 4017, 18148, 13130, 1365, 54, 1104, 116713, 0, 397, 22501
56, 0, 9, 627955, 62662, 60613, 125232, 39710, 9981, 66, 6372, 117227, 0, 179, 353907
61, 0, 0, 389768, 23634, 7320, 8045, 11085, 1471, 66, 2567, 117740, 0, -550, 33842
61, 0, 0, 675953, 20259, 12549, 9768, 18372, 3646, 66, 3573, 118253, 26, 96, 134250
63, 0, 0, 1152605, 176662, 31047, 6066, 74625, 7063, 77, 3941, 118766, 0, -59, 215504
56, 0, 0, 194617, 4729, 1608, 4625, 5718, 1369, 70, 762, 119282, 0, 38, 23425
60, 0, 0, 198250, 14275, 21252, 43185, 9720, 9318, 74, 3327, 119796, 0, -1562, 84386
60, 0, 0, 2704504, 17723, 19120, 29662, 28351, 3483, 74, 1079, 120300, 51, -49, 58949
54, 0, 0, 759222, 12833, 15778, 36156, 33966, 5457, 60, 4390, 120791, 0, 21, 190203
50, 0, 0, 160642, 92546, 16292, 57386, 34822, 3981, 60, 4331, 121333, 0, 130, 225072
47, 0, 0, 407589, 1844, 3709, 9153, 5346, 3955, 47, 5209, 121853, 0, 53, 117273
38, 0, 1, 92746, 41764, 9644, 57131, 20687, 6273, 51, 1810, 122364, 0, 41, 84334
38, 0, 0, 1623677, 41218, 22219, 64866, 12686, 7462, 60, 4393, 122879, 0, 680, 213100
53, 0, 3, 1030368, 10769, 15070, 3185, 13839, 7660, 48, 699, 123394, 0, -20, 41860
66, 0, 0, 19119, 10064, 17580, 12447, 18268, 5680, 57, 3279, 123905, 0, 12, 77339
88, 0, 0, 257599, 28059, 63323, 5400, 44826, 3497, 43, 2371, 124417, 0, -1377, 53015
88, 0, 0, 768844, 30652, 20060, 16288, 12572, 3498, 43, 1093, 124930, 26, 339, 58461
88, 0, 0, 469588, 6984, 5175, 12399, 6616, 977, 43, 680, 125446, 26, -27, 45462
94, 0, 0, 3297949, 76096, 124645, 604381, 95835, 36345, 57, 21271, 125954, 0, 156, 208859
78, 0, 0, 555557, 61743, 16905, 145579, 34630, 8862, 67, 2554, 126471, 0, -216, 318760
83, 0, 0, 434811, 175154, 253738, 305603, 74043, 7913, 83, 5736, 126986, 0, 99, 231680
69, 0, 0, 298257, 5778, 12267, 4471, 7890, 3984, 75, 705, 127499, 0, 68, 86936
69, 0, 0, 96571, 52695, 21717, 4286, 10602, 2948, 64, 2632, 128012, 0, 75, 58958
78, 0, 24, 103732, 1323, 1840, 8092, 2553, 879, 63, 463, 128526, 0, 89, 14896
69, 0, 0, 285434, 23906, 13975, 15252, 30844, 8172, 54, 1791, 129040, 0, -94, 64506
69, 0, 0, 2477368, 84248, 60063, 9901, 73925, 7149, 54, 5907, 129553, 26, 72, 394564
69, 0, 0, 2259023, 236046, 150363, 520089, 204963, 33448, 54, 21173, 130070, 26, 44, 565284
69, 0, 0, 364822, 15847, 26524, 23970, 17455, 11971, 54, 6721, 130581, 51, 44, 121421
69, 0, 0, 1137355, 91100, 38420, 121989, 80709, 22076, 54, 14608, 131095, 51, -20, 219172
69, 0, 0, 671295, 8683, 13483, 15426, 6484, 5318, 54, 1793, 131610, 51, 89, 38236
69, 0, 0, 290695, 8510, 12493, 2680, 13494, 3102, 54, 893, 132124, 26, 123, 22980
69, 0, 99, 1173344, 26448, 32193, 24354, 22474, 12271, 54, 9299, 132627, 51, -1509, 49558
69, 0, 0, 1373899, 251899, 270034, 125215, 383249, 66736, 54, 30286, 133151, 51, -120, 1139940
69, 0, 0, 1642467, 28122, 39517, 26169, 106573, 10767, 54, 2603, 133664, 26, 727, 213738
69, 0, 11, 594379, 8153, 2502, 3060, 7120, 1723, 54, 1465, 134177, 51, -2048, 2494
69, 0, 0, 1466419, 191685, 216203, 214657, 398369, 162486, 54, 46720, 134693, 51, -2048, 1382115
69, 0, 0, 1863453, 98485, 209355, 55094, 161718, 82258, 54, 24483, 135193, 51, 2047, 413395
69, 0, 0, 669920, 118047, 365612, 121581, 194696, 526839, 54, 131405, 135720, 51, 375, 433965
69, 0, 0, 2623977, 863066, 1019616, 910839, 1750110, 541700, 54, 344629, 136231, 51, -2048, 1348133
69, 0, 0, 999819, 28890, 78259, 49907, 68117, 32842, 54, 14065, 136745, 51, -71, 112302
70, 0, 0, 362596, 7383, 11898, 722, 30408, 1680, 53, 646, 137260, 0, 240, 59220
69, 0, 0, 154815, 70672, 15555, 12501, 64507, 6793, 54, 3182, 137775, 0, 2006, 35930
69, 0, 0, 743268, 97895, 302673, 106999, 118465, 214910, 54, 81698, 138288, 51, -257, 507423
69, 0, 0, 159976, 20232, 3971, 4372, 6470, 2362, 54, 842, 138800, 26, 32, 27387
74, 0, 0, 1688604, 94664, 29159, 39091, 8354, 20568, 63, 7342, 139316, 0, 16, 84977
69, 0, 0, 216387, 4927, 2915, 15262, 5460, 651, 69, 428, 139831, 0, 1955, 20324
69, 0, 0, 1232448, 66522, 81013, 32442, 31076, 11833, 69, 66538, 140344, 51, -376, 163087
69, 0, 0, 179531, 20585, 17649, 10856, 7455, 2681, 69, 726, 140856, 51, -1123, 23072
69, 0, 0, 1979442, 137370, 189546, 121014, 169983, 43056, 69, 14740, 141369, 51, 437, 285806
69, 0, 0, 61183, 11972, 15928, 10480, 17305, 3172, 69, 3150, 141883, 26, 1944, 21535
69, 0, 32, 806733, 19247, 12269, 17009, 8712, 13534, 69, 2284, 142395, 51, 268, 61343
63, 0, 0, 716724, 5211, 13253, 49284, 10453, 6527, 87, 1022, 142911, 0, -593, 101924
63, 0, 0, 595058, 30727, 22707, 24582, 55922, 5807, 77, 4351, 143416, 0, 275, 149119
63, 0, 0, 682454, 7797, 2287, 10533, 3426, 1405, 77, 599, 143938, 26, 67, 49165
63, 0, 10, 1526965, 37878, 15887, 10394, 7648, 2794, 77, 4704, 144439, 51, 68, 37141
63, 0, 0, 1523240, 56993, 20619, 26487, 57779, 8431, 77, 3847, 144965, 51, 386, 255647
63, 0, 0, 1103834, 43642, 23107, 25715, 28831, 1983, 77, 1319, 145478, 26, 226, 82946
69, 0, 0, 737656, 35362, 91980, 119336, 64718, 15881, 69, 6871, 145990, 0, 248, 85173
84, 0, 0, 899093, 93269, 108611, 45424, 121140, 30425, 66, 15179, 146502, 0, -24, 84422
83, 0, 0, 1279449, 5456, 8603, 4193, 15843, 2330, 48, 689, 147008, 0, 61, 113703
77, 0, 0, 1971856, 127346, 46436, 158307, 117364, 24878, 51, 9598, 147532, 0, 87, 680736
56, 0, 0, 334066, 22185, 4320, 27050, 5089, 2745, 47, 2018, 148046, 0, -882, 111474
56, 0, 0, 960287, 6735, 38294, 10025, 12979, 18350, 47, 9724, 148560, 26, 125, 22759
53, 0, 0, 1539437, 18987, 58898, 84224, 45411, 4127, 48, 1792, 149072, 0, -39, 84865
53, 0, 0, 2081219, 224128, 472843, 69753, 317017, 22522, 48, 27240, 149586, 26, 179, 418805
53, 0, 0, 699716, 26777, 28277, 4918, 42927, 897, 48, 1932, 150101, 51, -1273, 73484
60, 0, 0, 2072363, 79989, 59260, 58519, 120102, 12556, 64, 15564, 150612, 0, 391, 255716
70, 0, 14, 392143, 20598, 29625, 66844, 23342, 6075, 74, 1796, 151129, 0, 2047, 56155
70, 0, 0, 1403229, 119802, 59827, 24046, 22974, 23880, 74, 10507, 151642, 51, -40, 246047
87, 0, 0, 1372818, 233153, 182119, 177606, 229503, 49740, 75, 22061, 152156, 0, -83, 505697
78, 0, 0, 513631, 7701, 5738, 12887, 2929, 4735, 74, 976, 152670, 0, -81, 34702
80, 0, 0, 1888927, 72168, 109078, 54344, 113353, 25623, 67, 4779, 153187, 0, 551, 449702
70, 0, 0, 2732217, 186018, 103966, 239345, 113570, 9751, 60, 3290, 153698, 0, -1916, 831538
